﻿{"cameraMode":{"drawMode":0,"name":"Shaded","section":"Shading Mode"},"sceneLighting":false,"audioPlay":false,"sceneViewState":{"showFog":false,"showMaterialUpdate":false,"showSkybox":true,"showFlares":false,"showImageEffects":false,"showParticleSystems":false},"in2DMode":false,"pivot":{"x":0.9288445711135864,"y":-0.2764594554901123,"z":-0.4668114185333252},"rotation":{"x":-0.05918823182582855,"y":0.9391526579856873,"z":-0.2663091719150543,"w":-0.2087302803993225},"size":7.899998664855957,"orthographic":false}